Customer,F,M,R
A0350,25,51238.12,10
A0351,6,17890.309999999998,17
A0352,14,46424.05,15
A0353,14,27607.7,25
A0354,6,9973.92,32
A0355,8,20105.91,30
A0356,10,15733.79,86
A0357,20,58583.1,25
A0363,4,8215.54,9
A0365,5,13192.48,93
A0367,1,20747.49,282
A0368,6,9982.32,103
A0369,16,24467.37,19
A0370,2,1600.0900000000001,12
A0371,17,39879.93,5
A0372,7,53497.25,5
A0373,3,15233.79,89
A0375,28,91490.09000000001,29
A0376,2,1045.0,135
A0377,31,90803.8,16
A0379,5,7788.110000000001,201
A0380,26,44892.26,24
A0382,20,39290.64,50
A0383,5,8219.31,45
A0385,16,21365.72,12
A0387,25,48119.94,17
A0388,2,1366.02,37
A0389,6,11963.66,64
A0390,3,12935.669999999998,44
A0393,8,22344.34,38
A0395,5,19162.83,15
A0399,18,46777.93,17
A0401,3,1354.44,248
A0403,18,37633.51,30
A0404,7,11972.32,79
A0406,3,2139.0,25
A0407,7,17412.54,47
A0408,27,84215.81,17
A0409,5,43988.01,37
A0410,3,23273.36,101
A0411,14,33055.82,31
A0412,25,103467.83,72
A0414,19,50802.35,11
A0415,19,54608.6,5
A0417,1,1182.72,332
A0418,4,1688.01,44
A0419,18,33211.2,29
A0420,4,6624.11,65
A0421,7,10615.41,39
A0422,29,38852.13,9
A0423,4,17705.65,102
A0424,7,22291.56,156
A0426,10,15457.5,4
A0427,20,53668.97,11
A0428,30,68214.83,10
A0429,24,56170.28,17
A0431,20,42921.04,1
A0432,8,20877.86,142
A0433,3,5226.469999999999,17
A0434,4,9433.91,276
A0435,5,9168.88,32
A0436,15,20892.34,18
A0438,21,52471.0,8
A0442,3,3781.8,93
A0443,5,14467.01,25
A0444,14,66391.12000000001,11
A0445,22,69718.17,29
A0446,7,8024.22,12
A0450,7,29682.68,47
A0452,17,51035.630000000005,4
A0453,6,19213.760000000002,134
A0454,7,12743.99,74
A0455,2,2772.0099999999998,106
A0456,7,15127.87,26
A0457,18,31211.82,71
A0458,19,25885.65,24
A0459,15,30868.95,32
A0461,5,12071.34,151
A0462,16,94589.0,12
A0463,19,42524.270000000004,15
A0464,26,55737.97,17
A0466,10,14818.66,19
A0467,8,16875.149999999998,3
A0470,24,50930.25,11
A0471,13,30434.059999999998,4
A0472,24,38678.19,40
A0473,15,34747.63,11
A0474,7,55410.72,43
A0477,1,3565.06,22
A0478,7,9368.41,10
A0480,27,42586.79,23
A0481,5,10283.24,10
A0482,4,10019.880000000001,32
A0484,2,7134.4400000000005,102
A0486,3,3396.62,66
A0487,6,7832.15,12
A0493,24,57110.2,9
A0494,10,28727.85,65
A0495,26,42881.61,10
A0496,20,41919.69,30
A0497,21,51243.37,15
A0498,4,12519.650000000001,99
A0499,6,5694.35,37
A0500,6,17687.760000000002,16
A0502,11,21722.260000000002,19
A0503,15,27690.09,8
A0504,16,41540.22,36
A0505,14,33625.79,10
A0506,20,27370.72,17
A0507,7,19309.05,106
A0510,5,25498.21,53
A0511,4,3579.12,81
A0512,21,47105.83,17
A0513,22,70536.4,17
A0514,16,51271.97,26
A0515,20,42637.89,4
A0516,7,14034.89,3
A0517,10,47434.29,37
A0519,22,42422.7,23
A0520,3,4263.21,78
A0522,14,45104.94,8
A0523,4,6731.280000000001,29
A0525,4,22838.08,11
A0528,17,46616.38,9
A0529,29,93357.23,10
A0530,17,31043.25,8
A0531,31,76942.73,4
A0534,23,50206.84,74
A0536,5,23439.78,66
A0539,4,10274.28,22
A0541,5,12945.31,24
A0542,19,47053.24,67
A0544,7,13032.64,52
A0545,9,14896.119999999999,11
A0546,5,12146.32,165
A0547,17,76588.85,9
A0548,22,88428.35,19
A0550,8,10693.54,134
A0552,16,33275.42,10
A0554,3,13128.73,8
A0556,4,4126.5,38
A0557,26,43957.93,19
A0559,23,50929.99,18
A0560,3,2777.33,158
A0561,7,17181.95,4
A0562,1,3142.83,368
A0565,6,41481.630000000005,53
A0566,9,19442.23,95
A0567,9,21824.559999999998,12
A0569,8,7703.55,10
A0571,4,7925.01,40
A0574,31,63133.33,16
A0575,4,5961.139999999999,75
A0576,21,47727.05,53
A0578,24,54593.79,12
A0579,3,5537.86,52
A0581,5,3838.0299999999997,11
A0582,25,58630.03,3
A0583,19,51466.509999999995,9
A0584,3,6360.92,68
A0585,2,17040.45,18
A0586,9,11060.0,92
A0587,22,35450.4,11
A0589,12,30520.13,116
A0592,7,14503.91,22
A0593,19,42394.39,12
A0597,4,8548.2,47
A0601,11,22221.65,81
A0602,5,7300.79,114
A0603,17,37971.450000000004,5
A0605,4,12800.11,99
A0607,27,59831.27,12
A0609,4,4933.33,249
A0610,27,89642.5,4
A0611,9,20294.62,10
A0615,11,39951.270000000004,8
A0616,30,75300.4,12
A0618,2,4794.24,52
A0620,3,2950.33,263
A0624,3,5199.15,33
A0625,8,11095.51,8
A0626,5,16648.13,190
A0627,21,55727.32,5
A0629,28,74925.3,18
A0630,25,60678.73,10
A0632,33,108218.96,1
A0633,21,54357.88,12
A0635,5,11961.18,44
A0636,2,3805.01,16
A0637,5,7045.990000000001,59
A0640,11,22824.16,88
A0641,22,105607.06,5
A0642,8,14677.400000000001,38
A0643,23,42985.03,15
A0647,3,3428.9700000000003,150
A0648,7,16181.59,23
A0649,2,1677.02,159
A0654,6,20576.22,151
A0655,25,52836.02,5
A0657,15,22579.6,10
A0659,17,15176.44,15
A0660,22,65717.36,36
A0661,4,4359.83,19
A0662,2,4123.77,87
A0665,22,43550.06,50
A0666,3,11385.6,194
A0667,3,4163.07,58
A0670,23,46959.89,15
A0671,3,4415.16,36
A0672,2,2832.8599999999997,123
A0673,29,61452.770000000004,16
A0678,10,15799.82,24
A0679,21,47252.98,2
A0681,21,41843.36,10
A0682,2,2102.0299999999997,52
A0683,5,6796.06,8
A0684,18,50681.36,24
A0686,26,43363.05,17
A0688,10,38630.53,17
A0690,19,41335.44,38
A0693,26,76988.27,9
A0694,8,21215.6,8
A0695,17,62673.46,5
A0696,15,46249.590000000004,54
A0697,6,12823.64,18
A0701,23,50037.4,10
A0702,7,18571.48,22
A0703,19,48763.79,60
A0704,16,27979.95,9
A0705,6,20229.62,113
A0706,8,26562.9,23
A0707,13,39029.95,4
A0708,30,87497.9,43
A0709,9,14925.06,15
A0710,6,12195.49,18
A0713,6,35481.92,10
A0715,6,4420.91,46
A0716,25,52974.04,38
A0718,9,23999.3,9
A0720,27,92360.81,26
A0721,2,7743.43,54
A0722,4,5943.61,138
A0724,20,65380.8,36
A0725,9,43259.46,8
A0726,7,11458.13,25
A0727,3,10745.529999999999,33
A0728,3,8277.16,155
A0730,1,19288.37,204
A0731,20,89636.23000000001,26
A0732,5,12749.99,64
A0736,2,4890.18,227
A0737,8,14365.1,145
A0738,21,35175.21,3
A0739,6,11881.48,103
A0740,2,5500.129999999999,178
A0741,10,27572.64,5
A0742,20,74867.58,12
A0743,28,59606.43,25
A0744,25,45165.38,10
A0745,23,52042.53999999999,36
A0746,7,5382.45,24
A0747,24,53322.92,4
A0749,16,31065.12,9
A0753,6,12335.07,15
A0754,21,76203.0,23
A0756,4,12812.759999999998,17
A0757,3,11150.03,23
A0758,3,17142.75,11
A0760,22,56559.03,5
A0761,28,79820.91,39
A0762,14,25119.379999999997,19
A0763,23,67630.13,1
A0764,25,73451.62,19
A0765,7,20201.37,39
A0767,4,14993.619999999999,99
A0769,5,23654.14,54
A0770,1,2787.84,141
A0771,20,57297.04,22
A0772,2,3044.91,53
A0773,16,54055.63,4
A0774,11,61376.770000000004,4
A0776,4,6388.14,85
A0777,5,6345.83,71
A0778,9,23540.29,80
A0781,29,62839.25,3
A0782,3,5313.4,106
A0783,5,8120.0,107
A0785,16,34041.49,3
A0786,9,15628.439999999999,17
A0789,6,15697.640000000001,10
A0790,5,11238.48,38
A0791,6,16418.629999999997,29
A0792,17,39605.79,16
A0795,23,44652.56,8
A0796,19,44784.49,60
A0797,3,5752.4,39
A0798,23,55839.73,24
A0799,21,57199.48,17
A0800,22,64388.19,30
A0801,20,49295.4,18
A0802,25,72820.62,16
A0803,4,2921.88,163
A0806,3,2470.95,256
A0807,5,6798.16,116
A0808,29,113650.19,57
A0809,1,1461.48,18
A0810,6,12248.28,24
A0811,22,51571.11,18
A0813,3,2715.68,103
A0815,30,52427.32,5
A0816,20,47189.64,17
A0817,3,6141.84,88
A0819,22,66311.36,18
A0821,19,32336.920000000002,12
A0822,6,15109.66,53
A0823,1,6209.91,227
A0824,28,90622.40000000001,47
A0826,21,45496.880000000005,5
A0827,4,17201.64,88
A0828,5,10866.1,148
A0830,26,68471.81,1
A0833,7,9011.1,15
A0834,4,8818.76,19
A0835,23,42311.13,18
A0836,13,18338.81,8
A0837,9,19179.95,32
A0838,4,6476.400000000001,24
A0839,4,9034.42,80
A0841,4,4679.610000000001,5
A0842,19,46835.259999999995,31
A0843,5,25147.95,101
A0845,24,85556.66,45
A0846,15,43733.56,59
A0847,5,9291.210000000001,12
A0850,4,8709.39,79
A0852,27,53513.92,5
A0853,25,60933.93,8
A0854,3,10639.970000000001,103
A0856,5,5654.66,64
A0859,3,2643.31,212
A0861,20,48752.28,18
A0862,20,77191.75,8
A0863,8,19887.69,39
A0864,10,29285.7,2
A0865,4,4760.32,100
A0867,7,27575.47,39
A0869,22,45417.15,17
A0870,6,12288.0,64
A0871,7,19255.92,12
A0873,7,32280.760000000002,15
A0875,4,8887.49,47
A0877,9,30152.95,45
A0878,24,40089.37,4
A0879,26,59253.28,3
A0880,27,76911.47,15
A0881,29,93480.82,26
A0883,13,28390.17,25
A0884,20,56969.54,11
A0886,5,7494.82,122
A0887,29,88768.23,17
A0890,23,71830.98,11
A0891,6,18229.79,32
A0892,28,72432.90000000001,15
A0893,24,49825.020000000004,43
A0894,1,1182.72,8
A0895,5,14064.57,93
A0897,25,52806.06,12
A0899,1,2524.74,215
A0900,4,21774.34,99
A0901,5,21216.42,8
A0903,18,31518.3,12
A0904,2,1015.1700000000001,45
A0905,19,30064.16,18
A0906,15,24875.16,15
A0907,16,60026.62,32
A0910,3,4474.37,51
A0913,5,6626.530000000001,213
A0914,5,11250.95,37
A0915,5,4867.98,156
A0916,16,49488.31,22
A0917,2,2132.37,4
A0918,10,17324.9,110
A0919,19,41633.61,26
A0920,5,12517.41,4
A0921,5,7384.57,12
A0922,17,36912.08,3
A0923,8,15771.43,50
A0925,5,12842.23,155
A0927,25,105417.13,4
A0928,8,38336.53,43
A0929,7,20141.33,99
A0930,24,65266.72,19
A0931,12,27023.16,10
A0932,8,23193.260000000002,23
A0933,21,49640.08,8
A0934,26,99067.25,18
A0935,4,5347.96,36
A0937,18,42053.32,12
A0938,3,2558.6,89
A0940,7,35003.52,64
A0941,6,10781.93,39
A0942,26,86139.03,22
A0943,29,70250.66,36
A0944,20,35600.06,17
A0945,39,134834.48,5
A0946,14,37679.43,38
A0947,6,8591.14,23
A0949,24,53114.23,12
A0950,1,744.88,138
A0951,7,15346.380000000001,95
A0952,33,74417.24,1
A0953,22,74846.93,23
A0954,5,6196.64,100
A0955,18,45877.12,37
A0959,4,5023.88,26
A0961,22,37208.35,10
A0962,6,10299.05,12
A0963,28,81864.79000000001,16
A0964,5,14013.369999999999,73
A0965,22,74474.17,18
A0967,9,26512.75,57
A0970,7,41785.66,8
A0972,15,39342.29,74
A0973,1,2488.65,292
A0975,8,17426.41,26
A0977,25,71324.95,11
A0978,13,32831.51,4
A0981,2,3186.5,68
A0982,26,84430.83,1
A0983,2,4446.9800000000005,45
A0986,3,13127.28,94
A0987,28,76546.67,9
A0988,17,69275.82,23
A0989,4,6258.91,172
A0990,37,66780.05,8
A0991,3,1501.29,80
A0992,17,50483.76,65
A0993,22,37558.39,18
A0994,25,47495.53,11
A0995,3,6340.6,26
A0996,6,10068.24,51
A0997,21,38768.35,9
A0998,5,6209.36,15
A1000,5,12014.869999999999,8
A1001,3,14821.320000000002,64
A1002,24,56374.97,22
A1003,20,53747.52,44
A1004,3,10350.64,163
A1007,15,40701.61,5
A1009,20,39811.450000000004,12
A1011,4,5921.889999999999,40
A1013,4,4502.43,158
A1014,19,30779.97,32
A1015,6,13957.61,12
A1017,3,1898.71,169
A1018,9,20642.829999999998,5
A1020,25,47448.6,17
A1022,2,5204.43,32
A1027,18,68940.62,11
A1029,17,39520.14,51
A1030,20,70372.02,5
A1031,5,20463.36,135
A1032,2,1979.74,214
A1034,4,12598.570000000002,94
A1035,15,23067.600000000002,32
A1036,24,55814.32,1
A1037,4,6943.09,44
A1038,8,13699.5,8
A1039,7,10001.11,10
A1044,1,1461.48,347
A1046,3,4823.85,229
A1047,9,45849.86,12
A1049,4,12349.75,15
A1050,18,89339.44,30
A1054,20,50126.7,12
A1055,21,48644.36,12
A1056,19,50691.78,46
A1057,25,40899.340000000004,1
A1058,17,56207.66,19
A1059,5,16603.14,65
A1060,4,7440.62,192
A1062,29,110455.2,4
A1063,6,6043.929999999999,54
A1064,23,63143.46,10
A1065,24,40827.33,5
A1067,26,33561.22,4
A1068,21,43139.0,8
A1069,7,16783.75,87
A1071,4,5067.09,58
A1072,12,51515.6,22
A1073,9,20545.4,100
A1076,24,48528.56,4
A1077,4,11387.68,72
A1078,5,46534.51,75
A1079,16,30465.66,3
A1083,3,2509.21,44
A1085,14,24100.55,4
A1088,3,6699.95,171
A1089,24,65363.55,11
A1090,3,10643.92,213
A1091,4,5352.51,67
A1092,37,59468.32,12
A1093,5,19515.899999999998,24
A1094,5,25664.43,31
A1095,22,55193.7,16
A1098,4,13354.67,66
A1100,30,62240.75,1
A1101,28,83954.02,22
A1102,6,8367.73,36
A1103,22,42484.29,5
A1104,7,12884.19,58
A1106,4,4403.36,38
A1108,8,12522.27,59
A1110,21,59946.08,2
A1112,2,2161.25,148
A1113,6,7025.03,71
A1114,7,17811.23,9
A1115,5,13012.619999999999,73
A1116,21,64443.71,12
A1118,12,32025.24,44
A1119,5,6597.839999999999,23
A1120,31,104101.32,9
A1123,8,16410.28,74
A1124,18,37371.57,30
A1125,7,14592.11,143
A1127,2,3526.1,284
A1128,4,5844.18,141
A1129,22,48119.44,10
A1130,32,119277.88,22
A1131,4,8711.939999999999,145
A1132,6,7543.9400000000005,103
A1133,23,50440.63,50
A1134,3,12911.39,163
A1135,19,65081.07,38
A1136,5,10008.14,66
A1137,20,60167.92,16
A1138,9,23181.3,31
A1139,16,42309.79,25
A1142,32,68285.97,9
A1144,15,46139.01,8
A1146,19,40739.46,25
A1147,7,9678.26,100
A1149,9,13089.6,29
A1150,7,20873.16,59
A1151,6,46388.11,30
A1152,8,60797.55,37
A1153,29,52290.99,17
A1159,16,48327.71,10
A1160,5,6702.08,38
A1161,28,68648.85,11
A1162,22,50322.85,25
A1163,28,84025.28,54
A1164,32,69985.87,12
A1165,5,10733.93,39
A1167,19,33406.61,52
A1168,6,10447.42,40
A1169,20,43659.68,19
A1170,4,11728.42,5
A1171,2,4832.23,198
A1172,6,26720.04,94
A1173,2,5852.469999999999,50
A1175,5,8206.45,71
A1176,12,35153.9,9
A1178,18,31232.52,17
A1179,4,5502.58,61
A1181,24,34749.909999999996,4
A1182,8,35388.96,72
A1183,7,17771.13,94
A1184,6,11401.84,47
A1185,6,18247.670000000002,40
A1186,8,28148.06,46
A1187,21,54722.59,17
A1188,20,40443.94,11
A1190,3,1910.56,117
A1191,6,15310.34,200
A1193,31,57752.8,4
A1195,8,13945.3,58
A1197,22,41307.67,25
A1201,6,9731.76,102
A1202,34,70342.42,12
A1203,8,16503.09,101
A1204,27,65256.29,5
A1206,4,2593.36,110
A1208,18,39007.3,18
A1209,2,16537.0,155
A1210,8,15371.5,25
A1211,6,37101.64,32
A1212,25,64453.490000000005,19
A1214,20,48881.23,9
A1215,27,85285.35,12
A1216,20,53323.82,15
A1217,6,23584.4,4
A1219,3,4020.73,26
A1221,20,50146.68,4
A1223,3,4397.23,54
A1225,21,60136.74,16
A1226,29,61775.76,26
A1227,5,17930.82,169
A1228,21,52355.74,9
A1229,7,19937.95,33
A1230,21,65056.85,9
A1232,31,110238.75,10
A1236,29,78803.29000000001,9
A1237,17,49579.05,25
A1239,6,6082.03,24
A1240,27,51353.08,19
A1241,7,18990.99,46
A1242,5,14423.06,66
A1243,4,4892.72,30
A1244,10,35659.36,87
A1248,6,31329.04,32
A1249,7,9057.99,9
A1251,6,10160.74,17
A1252,6,10559.869999999999,50
A1253,2,3806.1400000000003,17
A1254,14,38727.369999999995,16
A1255,22,102867.18000000001,4
A1256,3,2989.5,50
A1257,22,72722.7,12
A1258,6,6564.57,78
A1260,19,63719.55,9
A1261,4,10525.28,136
A1264,5,10611.44,9
A1265,29,71655.38,10
A1269,4,5199.6,44
A1270,19,43859.19,15
A1271,21,65816.76,8
A1272,6,12106.57,32
A1274,16,39185.44,39
A1276,5,10745.36,59
A1277,19,44043.84,1
A1278,26,52460.18,11
A1279,6,7866.6900000000005,10
A1280,4,10883.28,16
A1282,23,46057.68,11
A1284,5,28782.93,61
A1285,24,59488.78,64
A1286,13,40314.21,15
A1287,5,6397.16,38
A1288,4,10012.68,131
A1289,2,4407.4400000000005,184
A1290,24,71588.63,12
A1291,5,18013.090000000004,33
A1292,18,32292.920000000002,18
A1293,7,16194.24,60
A1295,6,12697.380000000001,108
A1296,7,11989.98,37
A1297,19,42936.11,5
A1299,17,64109.369999999995,19
A1300,7,9688.56,102
A1301,4,3065.22,4
A1302,26,60816.62,31
A1304,4,5566.53,50
A1305,28,94804.8,8
A1306,19,44567.08,15
A1307,21,40869.74,5
A1308,7,13664.18,201
A1309,8,17129.67,12
A1311,18,31142.71,16
A1312,5,25463.68,51
A1313,28,60998.45,3
A1314,6,11023.27,110
A1316,32,114734.69,4
A1318,3,8466.93,156
A1319,17,78792.06,31
A1320,18,42299.44,18
A1323,22,68254.08,5
A1325,6,7296.05,40
A1326,9,15370.29,81
A1329,22,49050.54,5
A1330,1,1182.72,65
A1331,11,26471.43,10
A1332,24,57166.61,15
A1333,19,62289.82,9
A1334,23,57892.48,15
A1335,4,24483.14,165
A1336,6,15468.369999999999,29
A1337,22,64254.299999999996,16
A1338,26,50933.979999999996,5
A1340,2,5464.799999999999,24
A1341,6,9831.58,228
A1343,29,71994.46,19
A1345,22,69913.03,5
A1346,9,30877.38,29
A1348,15,48766.89,8
A1349,11,32199.83,10
A1350,6,16114.830000000002,81
A1353,22,74414.4,5
A1354,1,3142.83,58
A1357,20,61344.84,64
A1358,16,37775.130000000005,19
A1359,4,12952.7,58
A1360,26,60155.96,5
A1361,7,11270.16,11
A1362,21,41694.74,4
A1363,6,17003.71,30
A1365,2,4529.3,26
A1366,4,3401.88,53
A1367,20,51307.24,47
A1369,18,51725.57,26
A1370,21,85824.59,19
A1371,8,9370.46,9
A1372,3,9588.880000000001,219
A1373,3,5842.84,9
A1374,6,30201.03,15
A1375,4,5575.0,178
A1378,5,18686.14,136
A1381,25,57640.38,16
A1382,7,16860.440000000002,4
A1384,5,19313.11,110
A1385,7,7984.94,18
A1386,4,8786.3,58
A1387,19,65359.05,18
A1388,23,103716.55,5
A1390,27,63606.27,19
A1395,4,8211.87,127
A1397,9,30033.9,36
A1401,8,16111.15,10
A1402,5,8594.5,78
A1403,14,42148.56,44
A1406,23,61656.85,4
A1407,9,10782.460000000001,38
A1408,14,20098.53,8
A1409,15,62722.5,8
A1410,24,79388.27,17
A1411,6,11269.5,26
A1412,24,68096.2,10
A1413,23,52738.8,11
A1415,20,53019.5,18
A1416,24,49938.39,5
A1419,22,64257.869999999995,51
A1420,14,25054.19,86
